{
  "name": "login",
  "capturedAt": "2026-06-28T12:40:52.328Z",
  "budget": {
    "fcp": 4000,
    "lcp": 6000,
    "totalLongTaskMs": 2500
  },
  "metrics": {
    "ttfb": 101.79999999701977,
    "fcp": 1400,
    "lcp": 1400,
    "dcl": 1323,
    "load": 1324.6000000014901,
    "longTasks": 0,
    "totalLongTaskMs": 0,
    "jsHeapBytes": 10000000
  }
}